upi_number,upi_holder_name,state,dob,pin_code,datetime,transaction_amount,seller_name,merchant_category,is_scam
9015834990,Vamakshi Thaker,Sikkim,1980-07-18,808569,2024-10-08 09:49:52,2851.57,Maharaj-Saraf,Utilities,1
9781639598,Jagvi Badal,Goa,1980-07-11,840107,2024-06-15 13:24:32,36148.63,Shan-Kibe,Electronics,0
6735607578,Aarna Bhargava,Jammu and Kashmir,1999-10-31,708682,2024-12-23 21:55:05,4057.85,Murty-Sandal,Utilities,1
8729295410,Charita Mitter,Madhya Pradesh,1981-12-28,417947,2024-12-27 16:44:44,18524.69,Yohannan and Sons,Travel,1
7412917926,Vasatika Shan,Meghalaya,1969-08-26,680931,2025-01-15 11:31:57,35838.29,Subramaniam and Sons,Clothing,0
7531028783,Frederick Saini,Arunachal Pradesh,1964-07-22,984084,2024-07-04 21:04:50,34189.62,Khatri-Rege,Travel,1
6332775689,Warinder Saran,Chhattisgarh,1970-11-04,473403,2024-06-02 10:20:38,8821.24,Ghose LLC,Electronics,0
7580673162,Atharv Krish,Odisha,1975-01-24,053899,2024-11-15 05:51:19,17484.17,"Bhatia, Tiwari and Edwin",Travel,1
7234907411,Suhani Goda,Uttar Pradesh,1985-10-26,892661,2024-09-22 06:18:52,49683.9,Dugal-Sharaf,Groceries,0
6837270889,Warhi Andra,Chhattisgarh,1972-11-05,159162,2025-04-10 15:17:13,20743.14,Venkatesh-Kohli,Clothing,0
6739056857,Ishani Ravi,Madhya Pradesh,1991-10-18,070920,2024-05-14 18:21:00,36978.37,Mandal Inc,Electronics,0
7517988421,Samar Chadha,Bihar,1999-08-11,130451,2025-02-21 16:02:46,49500.17,"Mittal, Kapoor and Dixit",Utilities,1
8511496033,Charles Venkatesh,Dadra and Nagar Haveli and Daman and Diu,2003-02-05,685007,2024-05-13 04:40:09,5937.78,"Narayanan, Kalla and Varghese",Utilities,0
9544764244,Mugdha Pau,Madhya Pradesh,1983-05-18,162540,2025-02-13 15:18:32,42167.92,Chowdhury-Pant,Groceries,0
7860355246,Ridhi Dixit,Uttarakhand,1981-09-22,882636,2024-12-19 06:18:17,722.05,Pau-Dixit,Electronics,1
6815701880,Brijesh Oza,Chandigarh,2000-08-24,010201,2024-07-15 23:13:44,2348.96,Sandhu-Sehgal,Utilities,1
9145698892,Nihal Agarwal,Uttarakhand,1972-03-24,596712,2025-01-08 03:24:26,2096.11,Bumb Inc,Electronics,1
8432568542,Bhavika Soman,Telangana,2000-01-02,364287,2024-10-24 15:23:24,14072.53,Dar-Dugar,Electronics,0
6197114396,Yug Rai,Puducherry,1989-02-03,723916,2025-01-19 08:42:36,17417.94,Sunder-Sarma,Clothing,0
8218566008,Anjali Barad,Nagaland,1990-01-26,408000,2024-06-11 09:29:17,1606.49,Khanna Ltd,Utilities,1
6359110217,Yagnesh Varma,Chandigarh,2001-07-28,209678,2024-08-18 21:45:56,43427.61,Sangha-Shankar,Travel,1
8661478418,Teerth Wali,Himachal Pradesh,1976-09-02,634666,2024-08-29 07:57:42,37626.71,Ramanathan and Sons,Utilities,0
6720077503,Zehaan Puri,Maharashtra,1977-06-21,586064,2024-08-29 19:46:14,39052.78,Sankar LLC,Utilities,0
6073909727,Abhimanyu Bath,Madhya Pradesh,1978-05-16,040065,2024-05-02 20:59:44,5244.58,"Hans, Bhardwaj and Lad",Electronics,0
6301883693,Xiti Saxena,Goa,1974-04-22,422752,2024-09-19 02:27:45,1115.79,Wadhwa-Patla,Clothing,1
8669574906,Laban Sundaram,Punjab,2002-08-01,661780,2024-07-12 17:16:54,36597.18,"Ramaswamy, Iyer and Roy",Travel,0
8683368560,Damyanti Kalla,Tamil Nadu,1997-09-12,993858,2024-08-31 08:54:47,20312.52,"Dada, Dara and Manne",Electronics,1
7058972633,Aadhya Murty,Himachal Pradesh,1978-08-04,682280,2024-09-13 04:52:22,22927.6,Munshi-Sharaf,Electronics,1
9415920606,Chatura Hayer,Nagaland,1981-02-20,358683,2024-07-26 12:32:47,4051.61,Singhal Group,Travel,0
6218194454,Charita Nazareth,Haryana,1990-05-09,120464,2024-04-27 05:39:15,39377.56,Dhar and Sons,Groceries,0
9710852651,Ojasvi Prasad,Madhya Pradesh,1966-01-08,655340,2024-08-13 12:25:30,6397.7,"Dubey, Mall and Rai",Utilities,1
7998520622,Anthony Dube,Gujarat,1964-10-18,950622,2025-02-22 12:02:31,20853.85,"Bajaj, Patla and Issac",Electronics,1
8270925587,Umang Parekh,Mizoram,1990-10-10,339819,2024-09-10 15:01:40,31643.37,Mishra LLC,Electronics,0
6676538397,Oni Biswas,Manipur,2000-02-17,346117,2025-02-13 08:58:20,38046.68,"Chowdhury, Konda and Chaudry",Electronics,1
7114968161,Bimala Gandhi,Uttarakhand,1968-10-16,975855,2024-12-27 21:10:31,17782.77,"Bhasin, Subramanian and Hayer",Clothing,0
9059642965,Kavya Bala,Haryana,1978-02-18,082797,2025-04-03 13:02:20,15551.01,Guha-Bansal,Utilities,0
7974395159,Harshil Radhakrishnan,Mizoram,1971-01-27,049461,2024-04-26 14:57:50,42019.52,Basak PLC,Travel,0
8323250881,Netra Sethi,Madhya Pradesh,2000-03-16,320222,2024-05-28 03:06:51,28215.88,"Dutt, Khosla and Varma",Groceries,0
7928478057,Gavin Madan,Ladakh,1992-02-04,289120,2024-12-02 01:53:35,27370.06,"Jayaraman, Dara and Sunder",Groceries,0
7503487922,Gabriel Ganguly,Assam,1969-10-08,624419,2024-10-06 20:12:23,45574.19,Kakar-Hegde,Travel,1
8167900746,Jason Roy,Maharashtra,1965-09-20,109963,2024-06-03 16:18:19,21014.96,"Sethi, Yogi and Sethi",Clothing,1
6514818667,Peter De,Tripura,1997-06-20,070269,2025-01-31 22:25:20,41482.95,"Savant, Chahal and Raval",Utilities,0
7560242622,Lekha Tailor,Delhi,1994-08-11,276252,2025-04-03 02:28:59,24488.23,Tak LLC,Clothing,0
8268411367,Vinaya Doctor,Chhattisgarh,1971-08-22,191753,2025-02-24 10:01:02,45319.05,Talwar-Bhatia,Groceries,0
6204037621,Hemangini Nair,Tamil Nadu,1970-09-09,263529,2025-01-09 16:41:26,22685.84,Sen-Minhas,Electronics,0
9938877648,Kamya Sampath,Kerala,1991-10-22,832436,2024-06-08 01:47:24,4206.31,"Mammen, Borra and Mistry",Clothing,0
9278967331,Libni Sinha,Bihar,1970-03-29,341269,2025-04-17 23:24:21,36995.7,Bala Ltd,Electronics,0
6900487211,Abhimanyu Mand,Andhra Pradesh,1971-04-19,597566,2025-01-01 05:16:30,43673.59,Divan-Chada,Travel,0
8490166301,Ekanta Basak,Manipur,1982-04-21,298120,2024-12-26 23:09:00,7100.1,Lanka LLC,Travel,0
9851369560,Yasti Warrior,Karnataka,1999-03-29,869550,2025-02-10 19:19:13,43781.99,"Rege, Mital and Parekh",Clothing,0
9376313390,Aarnav Balasubramanian,Goa,1997-12-12,030572,2024-06-04 20:38:48,46841.23,Ben Ltd,Travel,0
6466312170,Shravya Batra,Chhattisgarh,1983-05-01,980260,2024-05-24 22:25:06,36660.98,Dhaliwal-Nagarajan,Travel,1
8821598671,Ronith Pathak,Haryana,1979-12-15,917511,2024-11-09 23:48:14,6296.09,"Sami, Babu and Mittal",Travel,1
9779815804,Yatin Mani,Chandigarh,1991-12-15,332842,2025-03-29 18:45:28,31798.0,"Dutt, Swaminathan and Sur",Electronics,1
8196172326,Reyansh Bhatia,Kerala,1998-08-28,986827,2024-07-22 19:30:10,46178.82,"Taneja, Savant and Iyengar",Groceries,1
9621267313,Kritika Srivastava,Jammu and Kashmir,1992-01-25,022061,2024-10-25 03:11:52,15365.3,Sachdeva-Ranganathan,Utilities,0
9700562278,Faqid Nanda,Telangana,1992-03-11,548495,2024-09-15 07:43:17,7715.31,Raju PLC,Travel,1
7877360497,Rajata Nigam,Bihar,2007-01-03,868423,2025-02-19 16:05:32,48745.73,"Golla, Modi and Patel",Clothing,0
8209399718,Abdul Buch,Tripura,1973-12-25,030991,2024-12-12 19:56:01,8445.05,Vaidya-Iyengar,Groceries,1
7427338896,Ronith Nayar,Puducherry,1966-10-09,931254,2025-02-01 09:53:58,3402.72,Raghavan Inc,Electronics,1
8232093949,Prisha Dugar,Punjab,1982-05-02,395504,2025-03-03 20:41:15,27769.61,"Oza, Mohan and Nayak",Travel,1
7624672069,Gabriel Kale,Chandigarh,1987-09-16,159956,2024-05-29 10:27:02,42970.86,"Srinivas, Bawa and Lala",Travel,0
7443737627,Fitan Nazareth,Assam,1976-11-02,364959,2024-05-21 09:40:19,46444.93,"Borra, Bobal and Divan",Utilities,0
7663982650,Anamika Varkey,Himachal Pradesh,1982-04-18,801248,2024-06-17 02:32:00,39708.17,"Dhillon, Bhagat and Upadhyay",Clothing,1
7917371861,Anamika Vala,Jammu and Kashmir,1994-08-10,112722,2024-05-27 07:52:52,15656.94,"Prashad, Dar and Kapoor",Travel,1
9766760640,Farhan Mody,Maharashtra,1994-01-21,033602,2025-04-10 09:27:34,48593.6,Iyer Group,Travel,1
9400348509,Yachana Sodhi,Karnataka,2006-03-29,340215,2024-06-29 03:04:35,19556.55,Reddy LLC,Electronics,1
6992903184,Falak Salvi,Meghalaya,1968-02-28,285804,2024-06-04 05:30:52,40700.29,Andra-Raja,Clothing,1
7152441420,Wridesh Singh,Lakshadweep,2005-12-19,904432,2024-12-16 02:30:51,29117.6,"Kapadia, Bhavsar and Chopra",Clothing,0
7811386943,Wishi Kamdar,Assam,1995-09-18,355169,2024-06-12 16:12:38,12588.15,Krish-Chhabra,Travel,1
6363639960,Nilima Kale,Goa,1976-11-05,502544,2024-09-10 05:44:42,40695.72,Panchal Inc,Groceries,0
8523757088,Jason Mangat,Sikkim,2001-08-07,568395,2024-12-04 13:50:16,14512.52,"Contractor, Nanda and Oak",Groceries,0
7433288397,Nitara Bains,Uttarakhand,1994-09-27,091044,2025-02-08 16:47:45,12566.37,"Garde, Sanghvi and Gokhale",Utilities,0
7951375894,Zaitra Nagy,Dadra and Nagar Haveli and Daman and Diu,1971-09-16,120349,2024-05-13 21:46:19,24581.25,"Bansal, Dhingra and Sampath",Groceries,1
7566408775,Tanmayi Singh,Jammu and Kashmir,2001-03-18,095928,2025-01-16 09:20:00,48222.83,Subramaniam-Doshi,Clothing,0
7285221283,Yachana Lal,Chhattisgarh,1997-05-02,819643,2024-08-02 06:43:00,36434.31,Sane-Biswas,Electronics,1
8402841522,Eta Shukla,Bihar,1990-05-13,784136,2024-09-13 03:32:33,42370.71,Nair-Om,Groceries,1
6107425848,Vyanjana Subramaniam,Sikkim,1979-06-19,539926,2024-08-26 17:59:53,11520.5,Merchant-Pillay,Electronics,0
6897132038,Hema Narula,Assam,2001-07-06,989673,2025-02-18 15:38:02,23581.41,Garde-Solanki,Travel,0
9261024328,Advaith Sekhon,Uttarakhand,2000-10-14,046420,2025-02-11 22:04:33,39724.19,"Dugar, Bains and Kamdar",Clothing,0
8657326713,Isaiah Anne,Jammu and Kashmir,1971-11-03,805948,2025-04-19 13:39:05,3296.07,"Sinha, Bhatt and Prakash",Electronics,0
6891349076,Mahika Gopal,Punjab,1968-03-08,240093,2024-05-08 07:00:54,30339.89,Nagi Inc,Electronics,0
9863501695,Aashi Boase,Gujarat,1998-06-14,931254,2025-03-18 15:12:31,23799.98,"Sama, Prabhakar and Natt",Travel,0
7273244647,Anirudh Tella,Uttarakhand,1984-06-16,145598,2025-02-10 01:41:59,1543.21,"Sen, Sanghvi and Bhagat",Utilities,1
9040008650,Patrick Walla,Gujarat,1981-02-16,421675,2024-07-15 21:13:19,39999.81,Karnik-Gola,Utilities,1
7909606445,Zaitra Jha,Rajasthan,2001-05-20,270010,2025-02-06 08:50:08,19361.45,"Chauhan, Choudhury and Suresh",Groceries,0
7295936148,Omaja Lala,Goa,1973-02-18,691298,2024-11-05 15:14:08,39798.2,Dash-Sehgal,Clothing,0
8186349637,Anita Contractor,Puducherry,1972-12-21,850027,2024-05-12 01:27:04,1461.26,Padmanabhan-Konda,Utilities,1
7304859526,Jairaj Mukherjee,Punjab,1976-08-28,062288,2025-01-26 09:46:06,3594.04,Hora-Bava,Groceries,1
6843395872,Inaya Brar,Nagaland,2003-01-04,573592,2024-10-19 17:25:57,29451.45,"Raja, Kumer and Parmer",Clothing,1
9715953944,Girindra Dani,Kerala,1995-06-29,041632,2025-04-19 16:21:03,34698.44,Datta and Sons,Electronics,0
6991430858,Finn Bora,Gujarat,1971-06-05,207612,2024-12-12 13:48:14,18859.04,Anand Ltd,Groceries,1
9137362117,Veda Sen,Odisha,1981-07-26,215415,2024-10-29 18:06:06,17849.68,Bala-Barman,Groceries,0
7531153171,Zaid Doctor,Puducherry,2002-01-25,299220,2025-03-22 16:11:06,2429.86,Sur PLC,Groceries,0
6183634782,Jack Pillay,Gujarat,1987-02-24,407339,2025-02-04 18:21:51,22995.85,Nazareth PLC,Utilities,1
6400083325,Manya Rajagopal,Tamil Nadu,1983-10-04,399501,2024-11-17 04:05:36,42406.91,Dhillon Group,Clothing,0
8024850804,Yachana Deol,Lakshadweep,1985-05-02,768306,2024-09-11 17:37:32,37533.91,"Jaggi, Natarajan and Mane",Groceries,0
6539231848,Tara Jha,Puducherry,2005-05-10,907199,2025-01-06 01:08:42,38834.94,Dash-Trivedi,Groceries,1
8966658958,Omisha Chandran,Goa,1983-04-20,014436,2024-10-03 14:39:41,5555.13,"Sunder, Banerjee and Sridhar",Travel,0
6091933216,Isaiah Kata,Chhattisgarh,1991-02-17,815707,2024-05-04 18:15:09,49134.2,Goyal Group,Travel,0
9420971254,Chandresh Dixit,Dadra and Nagar Haveli and Daman and Diu,1980-03-11,505483,2025-01-30 18:57:51,7799.58,"Panchal, Tella and Mitra",Clothing,0
9622178095,Chasmum Krishnan,Andaman and Nicobar Islands,1974-03-01,653643,2024-12-05 04:58:03,38808.42,Sankaran LLC,Travel,0
9366314687,Zinal Bakshi,Himachal Pradesh,1991-12-15,122182,2025-04-10 23:41:20,20285.26,Prakash-Hegde,Clothing,0
9652673665,Ati Dugar,Himachal Pradesh,1968-08-18,148340,2024-12-06 15:59:35,27440.25,Ranganathan Ltd,Travel,0
7151181590,Ria Kaul,Arunachal Pradesh,2003-04-16,901174,2024-10-18 15:13:19,30280.91,Sarna Ltd,Clothing,0
8081593580,Samarth Patla,Sikkim,1972-05-31,433485,2024-06-15 17:44:19,31287.54,Hans Group,Electronics,1
7237996181,Samar Kata,Karnataka,1996-01-03,926898,2024-12-05 19:03:02,15803.11,Bhavsar and Sons,Groceries,1
6050329305,Lekha Sibal,Bihar,2005-01-05,287393,2024-10-19 08:26:59,13824.22,Mahal Ltd,Travel,0
9544679462,Sara Prasad,Meghalaya,1967-07-09,319393,2025-01-27 12:52:11,22653.94,Lala and Sons,Clothing,1
8599497632,Panini Palla,Jharkhand,1974-11-03,329172,2024-09-20 02:46:25,19331.55,Sahni Group,Travel,1
8440194216,Ishani Sani,Rajasthan,1992-11-19,237803,2024-05-03 16:22:31,37357.96,Maharaj-Dalal,Electronics,0
9476093894,Sara Chaudhary,Chhattisgarh,1978-07-06,226417,2024-06-01 12:27:36,29691.64,"Sen, Thaker and Srinivasan",Electronics,1
9598476936,Ikbal Suri,Telangana,1978-08-05,912254,2024-07-06 03:14:30,54.64,Yohannan-Gour,Utilities,1
6038758396,Aarav Shankar,Madhya Pradesh,1997-01-08,092924,2024-08-21 15:40:36,11157.6,Kala LLC,Groceries,0
9065113434,Fariq Raj,Punjab,1969-12-21,327897,2024-05-27 16:34:12,5406.19,Murthy PLC,Clothing,0
9981722201,Aarush Mani,Tripura,1979-04-06,884931,2024-10-02 09:56:48,23145.0,Ben Group,Travel,0
9063287648,Zilmil Toor,Punjab,1975-11-11,316662,2024-07-22 17:08:17,48305.94,Choudhry-Mody,Utilities,1
6089518635,Ekavir Ganguly,Odisha,1972-06-14,522286,2025-02-04 13:50:54,43153.48,Bhakta-Peri,Electronics,0
9564377088,Inaya Chawla,Chandigarh,1966-04-25,425777,2025-02-14 06:41:04,33684.86,Bedi Inc,Travel,0
8743546514,Aayush Chatterjee,Bihar,1979-11-22,873954,2024-07-27 05:15:35,37352.14,Cheema-Gour,Electronics,1
7101987825,Ganga Koshy,Odisha,1982-01-12,573950,2024-08-17 08:25:09,11821.08,Chaudhuri LLC,Utilities,0
9508011563,Nitesh Ganesh,Jharkhand,1996-05-22,989938,2024-07-07 17:35:11,4031.17,Narain-Pai,Clothing,0
6632736728,Sneha Malhotra,Kerala,1993-02-15,427008,2024-06-25 22:23:02,37333.95,Radhakrishnan-Mohanty,Travel,0
7820374818,Elijah Atwal,Dadra and Nagar Haveli and Daman and Diu,1977-11-02,749651,2024-07-03 06:47:39,2478.07,Chad Inc,Utilities,0
9339595305,Michael Sarkar,Sikkim,1972-08-21,358923,2024-05-06 20:32:42,27492.8,"Sankaran, Parikh and Vaidya",Travel,0
7258332558,Dalbir Deshmukh,Rajasthan,1992-11-21,201848,2024-05-19 00:43:29,2802.94,"Srinivas, Maharaj and Rana",Electronics,0
6124489169,Diya Jhaveri,Chandigarh,1990-09-13,636602,2024-04-30 20:35:30,44317.07,Sankaran PLC,Electronics,1
7566247950,Hemang Wali,Jharkhand,1989-12-17,528025,2024-05-25 04:36:03,13730.94,"Shroff, Bobal and Kari",Electronics,0
8517376448,Raagini Bose,Arunachal Pradesh,1995-03-30,306935,2024-08-05 00:43:29,28469.05,"Parmer, Gill and Chhabra",Groceries,0
8822157173,Alexander Brar,Bihar,1989-11-06,168640,2025-04-11 10:21:52,22196.8,Buch-Uppal,Groceries,1
7280322321,Nihal Dyal,Karnataka,1988-09-02,671814,2024-11-03 09:40:40,31969.34,"Agrawal, Prakash and Batta",Electronics,0
6351455628,Bhavya Ramesh,Rajasthan,1990-05-17,406262,2024-11-15 21:33:55,12454.92,"Grover, Zacharia and Nagarajan",Electronics,0
6943233033,Ekiya Bahri,West Bengal,1974-06-13,421071,2024-05-25 09:06:32,41442.67,"Reddy, Borah and Hayer",Utilities,0
7378658688,Xalak Varughese,Jammu and Kashmir,1977-05-12,930717,2024-12-26 11:33:06,43733.07,Viswanathan-Patla,Clothing,1
6470286991,Suhani Kata,Tamil Nadu,1990-11-02,193922,2024-08-03 20:22:54,28996.55,Garg Group,Travel,0
9978397232,Elijah Balay,Meghalaya,1966-12-28,526116,2025-01-06 20:09:29,14410.09,Bobal-Tandon,Travel,0
8946999325,Damini Lalla,Madhya Pradesh,1974-06-03,678976,2024-08-17 19:17:11,13797.89,Lata and Sons,Clothing,1
8825717319,Nihal Dalal,Nagaland,1966-01-17,947263,2024-06-25 20:56:44,14088.1,"Vyas, Sagar and Kara",Electronics,1
8805619995,Odika Trivedi,Uttarakhand,1987-02-17,069576,2024-07-19 12:09:15,20128.18,Setty Group,Utilities,1
6607201002,Neel Barman,Assam,1986-06-20,613204,2024-09-06 19:28:36,15361.31,Gera Ltd,Utilities,1
9072154751,Mekhala Choudhry,Tripura,1983-08-24,676493,2024-12-14 22:24:17,26294.3,Krishnan-Puri,Groceries,0
6806930457,Ati Reddy,Jammu and Kashmir,1990-10-23,372407,2024-10-03 19:58:49,5980.87,Loke Group,Travel,0
8168963507,Omya Naidu,Odisha,2004-08-14,702820,2024-11-01 12:06:05,21784.16,"Borra, Bhattacharyya and Morar",Travel,0
7321596479,Kiaan Sen,Jharkhand,1994-01-14,261343,2024-06-16 10:02:49,40890.65,Vaidya-Vasa,Groceries,1
8543054692,Brijesh Sangha,Jharkhand,2000-08-01,907332,2024-06-15 14:01:26,15102.23,Ganguly-Hayre,Groceries,0
9697133709,Devika Edwin,Lakshadweep,1974-07-14,535855,2024-07-26 19:20:37,33169.68,"Sen, Agrawal and Wadhwa",Electronics,0
7555605427,Saksham Sem,Telangana,2001-10-19,307986,2025-01-20 07:56:28,23344.95,"Mallick, Gill and Ramaswamy",Travel,1
8188643476,Abdul Samra,Meghalaya,1982-08-27,286266,2025-03-08 19:10:27,44654.78,Kohli-Pandey,Clothing,0
8419792121,Vedhika Loyal,Madhya Pradesh,1988-05-01,873110,2024-07-10 15:10:51,43012.67,"Butala, Dara and Kala",Travel,0
8251126369,Amaira Bajwa,Karnataka,1992-06-02,059945,2025-03-09 21:51:24,11269.43,Batra-Naidu,Groceries,0
6885495396,Jyoti Yohannan,Odisha,1989-03-27,513019,2025-04-04 17:57:52,20452.88,Karan-Devi,Clothing,0
9493338962,Vritti Atwal,West Bengal,1980-06-19,610614,2024-09-17 13:04:35,28881.66,Manne Group,Clothing,1
7568680689,Unnati Sarma,Telangana,1985-08-14,715780,2024-07-19 13:50:56,45759.87,Kanda-Mangal,Utilities,0
6479051648,Yuvraj Loke,Puducherry,1976-04-04,688630,2024-10-26 07:05:05,22603.08,"Sant, Munshi and Bobal",Travel,1
6377174811,Ati Viswanathan,Gujarat,1993-03-05,055848,2025-01-23 18:41:37,10968.17,"Anne, Chakraborty and Shere",Utilities,0
8801790869,Inaya Sengupta,Himachal Pradesh,2002-05-14,445846,2024-12-23 22:56:22,22448.05,Mall-Sagar,Clothing,0
6713607227,Jason Ramesh,West Bengal,1993-01-17,258397,2024-08-18 14:35:59,37971.23,"Hayre, Barman and Loyal",Electronics,0
8812383433,Ubika Hans,Karnataka,1978-04-05,751610,2024-07-29 21:18:09,1325.69,Venkataraman-Chana,Utilities,0
7939334364,David Barad,Gujarat,1987-03-03,548401,2024-09-25 18:22:55,29508.32,Bhasin LLC,Electronics,1
8576576811,Warinder Savant,Sikkim,1998-11-28,948355,2024-11-02 10:01:31,29486.25,Narayanan-Amble,Electronics,1
6154379947,Umang Kunda,Kerala,1971-09-01,674111,2024-09-03 09:37:41,40105.08,"Aurora, Narula and Sule",Groceries,1
7656713845,Chaitaly Acharya,Goa,2000-06-03,052615,2024-09-10 01:44:53,21491.14,Thaman Group,Travel,1
6929481028,Aahana Kohli,Andaman and Nicobar Islands,1990-08-11,802648,2024-06-11 04:56:53,8651.39,De-Samra,Electronics,0
6738802970,Zaitra Randhawa,Tripura,1978-11-07,314257,2024-11-01 05:51:26,8045.89,Raja-Bahri,Electronics,0
6697827604,Ayushman Mallick,Manipur,1974-12-29,673040,2024-05-11 19:46:02,41895.52,Chaudhary-Kadakia,Electronics,0
9029290764,Chanchal Ramachandran,Telangana,1974-09-27,879348,2025-03-03 04:37:51,455.76,Rattan-Dayal,Electronics,1
7344058139,Libni Balay,Mizoram,1965-05-09,330779,2025-04-18 03:45:15,46780.06,Chand Group,Groceries,1
7238210182,Nitara Halder,Bihar,1966-04-27,400573,2024-07-28 03:10:49,15872.59,"Muni, Kohli and Zachariah",Clothing,0
8120407867,Fitan Goyal,Haryana,1999-03-05,331822,2024-05-08 14:51:44,27472.98,"Pingle, Shere and Kaur",Groceries,1
6122914307,Jacob Grewal,Ladakh,1990-10-09,853630,2024-12-03 04:23:47,49374.35,"Din, Din and Menon",Clothing,0
6391597032,Chatresh Bhakta,Uttarakhand,1993-07-25,436599,2024-10-24 03:43:54,6108.94,Vaidya PLC,Electronics,1
8908763418,Gaurav Purohit,Chandigarh,1995-06-29,811909,2025-03-13 11:59:17,10617.08,"Johal, Arora and Dhar",Travel,0
7532262434,Rajeshri Bose,Delhi,1992-07-23,945937,2024-05-18 00:52:10,41379.51,"Thakur, Mammen and Chaudhuri",Travel,0
8531864974,Ethan Sen,Puducherry,1974-09-02,350285,2025-04-22 10:01:53,46897.28,"Raju, Pandey and Dalal",Electronics,1
8891871051,Jalsa Mody,Maharashtra,1988-12-18,003089,2025-02-09 05:20:12,883.97,"Manda, Swamy and Palla",Electronics,0
7893381209,Joshua Lad,Jharkhand,1985-03-29,980451,2024-10-23 06:51:08,32211.87,"Sura, Raghavan and Suresh",Travel,1
7366091764,Zaitra Sha,Chandigarh,1998-02-05,325101,2024-09-24 03:16:39,25669.73,Narula-Singhal,Electronics,1
8714373871,Samesh Ranganathan,Andaman and Nicobar Islands,1994-05-01,889171,2025-03-30 23:02:17,5572.13,Varty-Toor,Electronics,1
8565083942,Faris Nayar,Uttar Pradesh,1997-05-17,131717,2024-06-07 08:51:39,44269.79,Keer LLC,Travel,0
9346069108,Aashi Sangha,Uttarakhand,1970-04-19,072455,2024-04-24 23:56:04,8014.75,"Raman, Dua and Mohanty",Travel,1
8918876656,Naksh Prakash,Karnataka,2003-10-30,130807,2024-05-14 06:15:56,25907.45,"Mody, Bali and Dugar",Utilities,1
7043637638,Michael Dugar,Punjab,1984-09-09,822953,2024-11-07 09:27:57,37927.38,Chahal Ltd,Clothing,1
6147520711,Vyanjana Rajagopalan,Jharkhand,1996-08-16,571044,2024-12-14 17:51:46,21168.96,Anne Ltd,Travel,0
8145516085,Veda Raja,Himachal Pradesh,1974-05-17,036933,2024-07-21 16:46:01,27398.43,Pradhan Group,Utilities,1
9042772142,Aadi Bhatnagar,Jharkhand,1994-12-14,285245,2024-06-04 08:47:30,29775.35,"Sagar, Cheema and Walla",Travel,0
6457171075,Aarini Deshmukh,Meghalaya,1989-12-02,329790,2024-09-08 18:22:53,1217.96,Narain-Mandal,Travel,1
8303857447,Thomas Goda,Chandigarh,1976-04-07,736294,2024-05-15 09:42:30,24311.71,"Parekh, Kannan and Chowdhury",Utilities,1
8608628513,Faras Dora,Punjab,1968-03-31,205903,2025-01-01 08:07:09,27863.15,Bhatnagar-Dyal,Utilities,0
9946535667,Umang Chandra,Dadra and Nagar Haveli and Daman and Diu,1994-06-06,271328,2024-08-24 13:58:47,22905.33,Hora-Oza,Electronics,1
8418929595,Omaja Badal,Goa,1994-08-16,360461,2024-05-23 00:32:57,19263.71,Jaggi and Sons,Clothing,1
7821057880,Naksh Dugar,Uttar Pradesh,1966-02-05,195960,2024-12-26 17:51:24,18677.3,"Ravi, Swamy and Tiwari",Utilities,0
6202051352,Aarini Borra,Assam,1992-02-27,531610,2025-03-28 13:26:29,6904.2,"Kashyap, Sridhar and Butala",Utilities,1
6771627903,Triya Desai,Chandigarh,1986-09-08,199362,2025-01-19 00:17:47,21363.11,Sharma-Murty,Electronics,1
7302860133,Yashoda Bandi,Uttar Pradesh,1964-08-02,144836,2024-10-02 04:14:58,41377.67,Ben LLC,Electronics,0
7553226605,Waida Kibe,Madhya Pradesh,1999-03-23,885146,2025-03-22 00:13:14,49142.91,Mahal Inc,Electronics,1
6433497638,Manan Bhalla,Tripura,1981-03-14,408451,2025-01-21 02:05:12,24421.1,Sekhon-Mukhopadhyay,Clothing,1
6325093331,Yashasvi Sarna,Punjab,1969-06-09,277405,2025-04-03 22:15:36,8532.17,"Anne, Sabharwal and Kohli",Clothing,1
6233095906,Gabriel Tripathi,Telangana,1967-09-01,964735,2025-04-17 04:16:59,39831.84,Nagi-Kothari,Utilities,0
9055639617,Triya Kale,Andaman and Nicobar Islands,1997-07-24,207001,2024-11-03 13:51:53,6105.14,"Tak, Dani and Badami",Utilities,0
7292936405,Saumya Mani,Puducherry,1965-01-23,388964,2024-12-08 07:20:55,38508.77,"Savant, Buch and Bhatt",Clothing,0
8486331750,Falan D’Alia,Goa,1968-04-30,879271,2024-07-13 05:25:02,48425.5,Dass LLC,Travel,1
6290671363,Damini Aurora,Goa,1996-07-27,065403,2025-02-28 12:52:24,7932.35,Karnik-Chada,Clothing,1
6049601099,Tejas Narasimhan,West Bengal,1970-08-20,048423,2024-09-19 07:21:37,35201.23,Sheth-Lala,Utilities,1
8466224038,Saksham Khurana,Bihar,2003-02-06,144773,2025-03-19 18:09:35,15908.86,"Om, Jayaraman and Kota",Groceries,1
9387366680,Daksh Morar,Chhattisgarh,2004-09-24,919434,2025-01-16 15:51:54,8904.72,Korpal-Bains,Utilities,1
7398290084,Gaurika Venkatesh,Ladakh,1997-06-24,464675,2025-01-31 15:05:39,14333.88,Jayaraman-Goswami,Groceries,0
9359686819,Parth Das,Dadra and Nagar Haveli and Daman and Diu,1989-12-05,812360,2024-11-02 07:31:33,8577.95,Nayar-Toor,Clothing,0
8146609843,Aahana Hayre,Nagaland,1968-07-24,628560,2024-10-12 06:10:15,27248.96,"Mammen, Kaul and Dubey",Travel,0
7683082386,Ayush Banerjee,Himachal Pradesh,1967-12-06,521036,2024-10-21 04:27:22,23431.43,Sama-Bath,Electronics,0
8879010639,Dalbir Bansal,Odisha,1979-03-15,021497,2024-12-14 15:12:17,38971.76,Cheema Ltd,Electronics,1
9891745810,Siddharth Kant,Uttar Pradesh,2001-11-27,464089,2024-06-19 08:14:36,35042.55,"Sem, Sunder and Tailor",Groceries,0
6914381287,Qasim Bahl,Jharkhand,2004-03-27,151940,2024-07-30 21:10:26,44887.07,Sachdev-Patel,Travel,0
7831676984,Inaya Sabharwal,Ladakh,1982-01-26,560801,2024-07-12 18:15:49,12236.29,Sen-Murty,Electronics,1
8755298370,Jagat Wali,Assam,1986-04-27,995139,2024-11-17 02:57:36,33987.93,"Chaudhary, Ghose and Kade",Utilities,1
9661546587,Tanish Sankar,Uttarakhand,1972-01-10,173176,2024-09-28 11:52:33,27458.46,Sathe Ltd,Electronics,1
8853309847,Dhruv Sarkar,Andhra Pradesh,2000-11-13,516172,2024-08-09 21:58:55,34766.76,"Golla, Dayal and Chanda",Clothing,1
7535318203,Eiravati Sabharwal,Gujarat,1969-12-26,452592,2024-07-28 12:54:05,43652.69,"Sharaf, Mukhopadhyay and Mangal",Clothing,0
6597730648,Hema Ahuja,Himachal Pradesh,1965-05-07,107044,2024-11-30 20:12:57,44556.26,"Gola, Bhardwaj and Modi",Utilities,1
6322680100,Pahal Gade,Jharkhand,1972-09-12,314455,2024-05-28 22:07:48,9237.51,"Ranganathan, Datta and Mody",Travel,0
8527531781,Bina Gour,Punjab,1975-05-11,938144,2025-03-09 12:56:22,16443.17,Iyer Group,Travel,1
7356282321,Jasmit Jaggi,Karnataka,1982-02-26,422600,2025-02-17 06:07:28,21988.09,"Khare, Khanna and Dyal",Electronics,1
9461480178,Yahvi Murthy,Meghalaya,1974-02-02,367629,2025-02-06 23:35:29,20329.7,Chandran and Sons,Groceries,1
6778505156,Vedhika Dar,Uttarakhand,1977-07-15,823762,2024-07-25 22:14:12,17806.58,Buch PLC,Clothing,0
7877136658,Tejas Barman,Karnataka,2006-05-28,972620,2024-05-23 03:51:12,6954.31,Gokhale-Subramanian,Utilities,0
7109148045,Lohit Goswami,Punjab,1981-07-13,719031,2024-10-20 04:16:36,36711.48,Dasgupta Group,Travel,1
8544227976,Amaira Som,Tamil Nadu,1980-02-29,856448,2024-04-27 22:52:41,21037.58,"Zacharia, Johal and Dugar",Utilities,1
7118286876,Manbir Agarwal,Gujarat,1996-06-19,453692,2024-10-08 01:50:43,35589.23,Pathak-Bhardwaj,Electronics,0
9581427835,Upma Iyer,Rajasthan,1990-10-15,140547,2025-02-11 13:12:59,42741.62,Rau-Gour,Clothing,1
8229583622,Thomas Vala,Uttarakhand,1988-03-13,428406,2024-08-27 01:25:24,45589.18,Venkataraman Ltd,Groceries,0
9008736826,Nathan Morar,Uttarakhand,1966-08-09,002227,2025-02-12 13:26:55,19726.11,Ram Ltd,Clothing,1
7309655501,Aayush Jaggi,Sikkim,1988-09-26,966043,2024-12-27 23:47:30,30765.14,Sheth-Chakraborty,Travel,1
6755027298,Atharv Raghavan,Puducherry,2002-10-08,100997,2024-10-01 17:28:21,16903.37,Chanda-Mohanty,Travel,0
7623994505,Osha Golla,Ladakh,1995-05-08,562594,2024-10-15 17:21:25,37410.98,Zacharia and Sons,Travel,0
9782214706,Tristan Ranganathan,Assam,1999-06-21,634398,2025-03-18 18:16:25,42845.1,Patla-Tiwari,Groceries,0
6851882861,Abha Dugar,Chhattisgarh,1979-02-05,947020,2024-05-03 11:10:10,3240.01,"Swaminathan, Yadav and Mistry",Travel,1
9353949885,Meghana Apte,Delhi,1977-10-14,369875,2024-12-21 08:27:42,44384.26,"Ramaswamy, Vaidya and Dasgupta",Electronics,1
7818647283,Balveer Kade,Manipur,1990-11-10,614120,2025-04-03 23:38:14,13713.77,Sami-Baria,Groceries,0
9047109098,Vidhi Banerjee,Meghalaya,1968-06-09,838155,2025-04-03 03:53:05,27754.61,"Mani, Shukla and Lad",Groceries,1
9543749587,Thomas Rege,Punjab,1975-06-28,111601,2024-10-07 01:44:00,18723.46,Bassi and Sons,Travel,1
7649856938,Anjali Bir,Odisha,1965-10-31,969888,2024-07-28 12:37:47,42005.43,Arya Ltd,Electronics,0
6974695687,Bhanumati Kakar,Karnataka,1970-05-06,335928,2024-06-17 10:19:54,25010.22,"Nadkarni, Bail and Narain",Groceries,0
9217993431,Diya Gole,West Bengal,1964-10-04,735603,2024-09-03 01:14:40,40254.92,"Kurian, Kata and Khalsa",Clothing,1
8686444321,Damyanti Gera,Punjab,1988-04-23,512607,2024-05-13 22:37:34,24483.55,Thaker-Dugar,Groceries,1
6292590149,Mitesh Banerjee,Meghalaya,1971-05-19,994916,2024-11-01 04:57:30,20037.12,"Sachar, Comar and Merchant",Groceries,1
6664094963,Urmi Mistry,Kerala,1979-08-24,184187,2024-10-26 14:47:03,3172.01,"Srinivasan, Sanghvi and Sinha",Utilities,0
7889943119,Praneel Chahal,Uttar Pradesh,1968-05-29,289029,2025-04-02 20:43:05,16174.51,"Warrior, Sagar and Seth",Electronics,1
7380424407,Lucky Madan,Ladakh,1977-03-14,508313,2024-11-01 10:00:15,21967.96,Swamy-Nazareth,Travel,0
8348081627,Chatresh Toor,Telangana,1974-09-07,335277,2024-08-27 22:35:53,10373.36,Bal Group,Clothing,1
9266797852,Dakshesh Srivastava,Goa,1985-08-28,702476,2025-01-25 09:37:42,701.17,"Chopra, Uppal and Sheth",Utilities,1
7167459916,Krishna Parmer,Delhi,1991-12-29,834284,2024-12-24 19:36:27,49146.23,Narayan PLC,Groceries,1
7882587279,Gaurav Nair,Uttar Pradesh,1979-07-30,610157,2024-07-16 19:09:31,25861.48,Subramanian-Shankar,Utilities,1
8341039979,Kavya Sengupta,Andhra Pradesh,1985-11-13,301637,2024-07-24 05:27:20,27594.92,Dayal-Master,Clothing,1
9900732356,Daniel Doshi,Mizoram,2004-01-25,620515,2025-04-17 03:44:10,22561.37,Panchal Group,Clothing,1
7410325150,Peter Borra,Meghalaya,1985-07-04,373365,2024-11-22 09:06:42,15942.16,Shanker-Ganesan,Groceries,1
7699573127,Ria Goyal,West Bengal,1994-08-16,877346,2024-10-25 13:11:51,40438.55,Yadav-Bhatt,Groceries,0
7344972315,Ucchal Kala,Himachal Pradesh,1982-04-04,186729,2025-04-04 13:04:23,1401.7,"Kara, Kumer and Banik",Utilities,1
8009517172,Ranbir Ram,Himachal Pradesh,1995-02-10,988648,2024-11-13 02:35:38,8845.08,Mital-Goyal,Utilities,1
6401378432,Harinakshi Bhatti,Uttar Pradesh,1978-08-04,927624,2025-02-10 23:04:40,18572.36,Dasgupta-Kalita,Electronics,1
9876375009,Chavvi Handa,West Bengal,1991-12-15,918045,2024-08-27 01:02:52,6983.7,"Bala, Khatri and Balay",Electronics,1
6462714179,Xalak Tata,Tripura,1996-02-29,038627,2024-12-14 00:57:47,35260.79,"Nagy, Saxena and Jhaveri",Electronics,1
7036431956,Girish Oak,Tripura,1975-09-14,020478,2024-07-30 03:51:33,2981.92,D’Alia-Baral,Groceries,0
6503665082,Samar Vasa,Andaman and Nicobar Islands,1972-12-02,319230,2025-02-23 00:06:30,42215.11,"Loke, Cheema and Divan",Groceries,1
8906505440,Nikita Soni,Puducherry,1980-04-24,249271,2024-06-03 10:49:46,13944.74,Kar-Oommen,Groceries,0
6440871880,Manthan Bhatt,Madhya Pradesh,2002-04-20,186403,2024-10-04 10:15:17,39322.53,Parekh-Lal,Travel,1
7216903409,Krishna Kuruvilla,Haryana,1966-10-15,799423,2024-12-02 15:29:11,3873.34,"Shanker, Brar and Swamy",Clothing,1
8406804155,Benjamin Patil,Puducherry,1975-07-15,329323,2024-04-24 13:42:03,37660.12,Edwin-Ramesh,Clothing,1
9028954998,Kritika Choudhury,Sikkim,1992-08-16,353807,2024-06-01 04:04:07,4096.92,Sengupta Ltd,Electronics,1
8775558476,Rayaan Tiwari,Lakshadweep,1973-01-22,187934,2024-10-08 23:16:07,22278.76,Yogi-Sahni,Travel,0
6983007324,Advaith Loke,Tamil Nadu,1970-06-12,052646,2025-01-04 02:14:04,45865.59,Lall PLC,Electronics,0
6339568189,Yoshita Nanda,Gujarat,2003-04-10,276062,2024-06-01 19:14:56,25057.96,Puri PLC,Travel,1
6890997853,Ubika Saraf,Telangana,1974-03-17,259275,2024-07-08 18:39:22,38465.71,Khosla-Kashyap,Utilities,1
8421955814,Omya Saraf,Gujarat,1979-07-31,373236,2024-09-07 20:34:57,42167.97,"Aggarwal, Varty and Mitra",Clothing,0
7109714532,Kashvi Char,Maharashtra,1980-02-17,350901,2024-05-24 08:00:58,8828.69,"Kala, Thakur and Vora",Clothing,1
6835027596,Urishilla Agate,Kerala,1996-02-25,654219,2024-08-15 21:18:03,13596.81,"Vohra, Sarkar and Saxena",Clothing,1
9734518051,Fiyaz Chad,Andaman and Nicobar Islands,1972-04-07,452355,2025-03-18 17:01:34,262.95,"Kadakia, Bhagat and Mangal",Utilities,0
9098883329,Vivaan Sachar,Chhattisgarh,1975-08-01,853351,2024-11-24 04:27:43,34856.47,"Ahluwalia, Rau and Bhatti",Electronics,1
8151886293,Omaja Dube,Maharashtra,1966-03-10,745974,2025-01-06 01:01:17,8616.48,Rout-Sodhi,Groceries,1
6357044402,Anvi Contractor,Lakshadweep,1970-02-01,848586,2024-10-14 22:24:26,13257.94,Babu PLC,Clothing,0
7221217182,Divya Varma,Gujarat,1997-10-12,512219,2024-12-16 23:20:46,18292.4,Rajan-Oza,Utilities,1
7528449795,Nihal Chaudhry,Tripura,1974-05-25,092974,2024-07-04 04:13:08,17976.15,"Kaur, Chandran and Mandal",Utilities,1
7661735690,Vivaan Murthy,Uttarakhand,1976-12-01,746669,2025-02-05 15:04:38,7038.84,Bhat-Mand,Utilities,1
9925171276,Kavya Bose,Karnataka,1987-01-22,805850,2024-11-19 09:33:42,8067.88,Dyal PLC,Travel,1
6221002017,Mitesh Prabhu,Jammu and Kashmir,1971-07-17,228477,2025-03-02 05:23:04,46229.29,Morar Inc,Groceries,0
6632423750,Ishwar Saran,Arunachal Pradesh,2004-01-25,214667,2025-03-14 05:33:48,16450.31,"Chaudhuri, Ganesh and Khanna",Clothing,0
6244792769,Qadim Sastry,Chandigarh,1968-02-29,338219,2024-08-15 08:45:51,17176.93,Oza-Kara,Travel,0
8650711261,Barkha Dayal,Jammu and Kashmir,2006-10-06,461822,2024-11-01 18:22:44,21049.12,Majumdar Group,Groceries,1
7756596126,Eshana Dyal,Madhya Pradesh,1982-04-06,620083,2024-05-14 01:54:19,21246.56,"Jain, Dixit and Khalsa",Travel,1
8032245052,Upadhriti Mangat,Goa,1987-10-18,954728,2024-11-25 17:33:49,2496.09,"Merchant, Nigam and Sawhney",Utilities,1
9887877499,Zayyan Dani,Meghalaya,1994-01-12,126870,2024-08-29 15:42:08,16224.35,"Hayre, Shere and Parmar",Clothing,0
8492149449,Omkaar Kanda,Rajasthan,1996-05-23,369518,2024-12-18 04:00:56,23752.42,Dhillon Inc,Travel,0
6263936278,Nathan Narain,Odisha,2004-10-19,294733,2024-12-28 01:18:09,12684.67,"Chander, Doctor and Cheema",Groceries,0
8255049062,Gavin Shenoy,Andaman and Nicobar Islands,2001-08-11,449075,2025-03-14 00:52:10,2048.14,Mody Group,Electronics,1
8073845271,Omisha Bhattacharyya,Tripura,2001-06-22,174440,2025-02-23 06:03:14,3196.87,Gala-Bahri,Groceries,0
6859283624,Sara Walia,Punjab,1996-06-28,818694,2025-03-09 21:40:56,38121.98,"Vasa, Saini and Buch",Electronics,1
8515466104,Sudiksha Deep,Punjab,1988-05-05,322043,2024-11-11 13:22:52,47777.73,Das-Sachdev,Clothing,1
8876561563,Siddharth Suresh,Uttarakhand,1983-07-01,440945,2024-07-31 11:15:03,16441.41,Jain-Mutti,Clothing,1
6114800872,Chaaya Sanghvi,Madhya Pradesh,1980-11-06,585731,2025-02-23 06:12:49,17229.25,"Kant, Grewal and Rastogi",Travel,1
8230793970,Mitali Borah,Nagaland,1969-05-31,492492,2024-08-28 00:38:12,45947.06,Choudhry Ltd,Groceries,0
9952137094,Idika Patel,Sikkim,1981-02-18,214581,2025-03-10 11:28:32,47882.85,Varghese-Edwin,Electronics,0
9835071920,Ayushman Vohra,Lakshadweep,2000-01-28,359331,2024-07-02 01:38:05,15271.26,Barad-Merchant,Groceries,0
8323612148,Ati Soman,Meghalaya,1973-03-21,077973,2024-07-30 10:58:05,1189.4,"Chana, Saini and Karpe",Travel,1
7231737242,Samar Som,Chhattisgarh,1982-02-08,880458,2024-12-03 07:03:58,30160.17,"Ratti, Pathak and Kunda",Travel,0
7168459239,Victor Walla,Jammu and Kashmir,1997-05-09,404384,2025-02-13 01:00:22,41436.65,Bahl-Bath,Groceries,0
9070284065,Wridesh Char,Andhra Pradesh,1984-02-11,609650,2025-03-05 05:41:37,42212.98,Dixit-Baria,Electronics,0
7661041895,Arin Sama,Tamil Nadu,1973-10-23,345042,2025-03-21 05:26:58,12982.76,"Purohit, Vora and Patel",Electronics,0
7640930649,Abhimanyu Mann,Andaman and Nicobar Islands,1976-11-10,827149,2024-10-15 16:58:18,40807.9,"Kala, Rau and Sankaran",Utilities,0
6284886026,Varenya Issac,Rajasthan,2006-11-28,495479,2024-12-27 10:35:45,35919.02,Kannan-Rajan,Utilities,0
9213901629,Caleb Bobal,Nagaland,2003-09-24,615390,2025-03-27 10:54:47,46783.91,Handa Ltd,Travel,0
6579330971,Jyoti Sem,Tripura,1992-09-02,171775,2024-07-12 13:24:54,44729.67,Mallick Inc,Groceries,1
8831150576,Zayyan Khanna,Punjab,1974-07-31,783527,2024-10-19 20:35:25,47103.18,Raman-Tiwari,Electronics,0
6658179199,Barkha Wadhwa,Uttar Pradesh,1983-10-27,542647,2025-04-04 15:46:43,45445.98,Bali-Bora,Utilities,1
6360566334,Abdul Acharya,Uttar Pradesh,1980-07-18,077230,2024-10-12 13:32:59,49854.54,"Deshpande, Naidu and Bobal",Travel,1
6855458576,Gavin Dhar,Nagaland,1972-04-07,557951,2024-05-10 16:08:04,37942.18,Tandon Ltd,Groceries,1
7052543901,Anya Rajagopalan,Chhattisgarh,1974-07-19,009341,2024-09-15 10:18:35,6068.02,Bajaj and Sons,Travel,1
9765847626,Falguni Sundaram,Delhi,1997-01-08,956223,2024-06-17 04:24:38,23769.43,Deshpande-Mutti,Clothing,1
7671814666,Aahana Narasimhan,Telangana,1988-09-03,728047,2025-01-14 08:48:33,42398.31,Chopra-Warrior,Groceries,0
8959227002,Indira Sahota,Karnataka,1989-10-29,464745,2024-08-30 07:44:01,7572.82,Oommen PLC,Groceries,1
7603671503,Ishanvi Agrawal,Jharkhand,1997-06-30,617215,2024-05-15 17:21:15,6261.04,"Rout, Chana and Bassi",Utilities,1
9543575010,Vasudha Venkatesh,Dadra and Nagar Haveli and Daman and Diu,1998-07-24,614896,2024-12-08 15:40:27,30992.56,Ray and Sons,Electronics,0
7789627632,Indira Dhawan,Gujarat,1994-10-09,314679,2025-02-16 17:33:08,34157.32,Saraf-Naik,Groceries,0
6511326666,Wazir Nori,Chhattisgarh,1987-02-03,074693,2024-12-21 19:20:40,15684.47,"Badal, Sen and Sahota",Utilities,0
9768335115,Jairaj Vala,Rajasthan,2006-08-17,319351,2024-04-29 02:22:17,5836.63,Mander LLC,Travel,0
6225405505,Timothy Modi,Himachal Pradesh,1986-03-23,907922,2024-12-08 18:49:04,38200.74,Goyal Inc,Clothing,1
9924217683,Rehaan Gupta,Madhya Pradesh,1971-05-25,063260,2024-07-09 19:54:21,33275.5,"Khalsa, Buch and Ahluwalia",Groceries,1
6472768256,Darpan Kamdar,Karnataka,1973-08-24,566606,2024-12-17 15:07:43,4949.2,"Nadkarni, Wadhwa and Kala",Travel,1
7841143450,Vyanjana Wali,Maharashtra,1975-04-08,950958,2024-05-16 21:41:48,2907.28,Mohanty Ltd,Groceries,0
9468329637,Balendra Gopal,Nagaland,1986-07-26,673910,2024-07-06 12:21:01,10106.2,"Varma, Issac and Chander",Electronics,0
7710668746,Tamanna Taneja,Uttar Pradesh,1981-05-29,064805,2025-04-10 13:39:49,41804.51,"Batra, Patla and Oza",Electronics,0
7892517829,Pooja Sabharwal,West Bengal,1984-01-17,830723,2024-12-10 06:03:08,1605.4,Suri-Kanda,Utilities,0
6227596859,Orinder Ramesh,Odisha,1981-12-02,119377,2024-08-26 23:25:03,9156.97,Oak Group,Travel,1
8286996115,Vanya Mittal,Meghalaya,1987-10-18,534953,2025-04-07 04:27:19,18959.68,Dash-Ramaswamy,Groceries,0
7991476599,Sachi Joshi,Delhi,1974-04-27,531452,2024-11-02 04:47:16,25045.09,Bhatt-Aurora,Utilities,0
9053947335,Qasim Memon,Manipur,1969-01-26,260533,2025-03-29 06:26:30,5939.12,Toor PLC,Electronics,0
7653130193,Utkarsh Pandya,Kerala,1983-07-16,567061,2024-08-09 17:08:08,26510.05,"Seth, Pau and Mahajan",Electronics,1
7475686236,Sathvik Bajwa,Andhra Pradesh,1973-06-04,144599,2024-10-29 09:39:39,44908.69,"Choudhry, Sarkar and Goel",Groceries,1
7731837621,Victor Salvi,Odisha,1998-02-27,303473,2024-10-10 07:39:04,23954.64,Mital Ltd,Travel,0
8695864042,Rachita Varghese,Karnataka,1971-01-27,921196,2025-03-31 02:43:01,33797.04,"Ratta, Gaba and De",Utilities,0
8950146304,Wriddhish Kota,Nagaland,1976-02-07,331126,2025-03-01 22:21:50,38039.02,"Agrawal, Tailor and Sengupta",Clothing,0
7468997557,Qadim Bedi,Sikkim,1980-08-23,189975,2025-01-26 21:32:19,39742.0,Narasimhan and Sons,Travel,0
6986592435,Raghav Hegde,Chhattisgarh,1988-08-14,659308,2025-01-03 16:56:23,34302.79,Chana and Sons,Electronics,1
7981097823,Mahika Saini,Mizoram,1979-09-07,395593,2024-06-04 02:18:20,36791.75,Handa LLC,Groceries,1
7558063422,Omisha Halder,Dadra and Nagar Haveli and Daman and Diu,1976-04-13,489655,2024-10-03 12:02:18,42479.8,Sur-Sodhi,Groceries,0
6225345458,Alexander Muni,Gujarat,1992-04-01,266482,2024-04-22 08:50:14,41767.33,Maharaj Group,Groceries,1
6237550757,Yauvani Kala,Madhya Pradesh,2006-07-04,895652,2024-10-28 12:07:20,35105.14,Wadhwa LLC,Clothing,0
9533227660,Kashish Sarkar,Telangana,1979-09-26,246330,2024-09-09 04:16:40,45246.98,"Sampath, Chand and Pall",Travel,1
8141972976,Damini Ganesan,Sikkim,1988-01-05,964118,2024-07-01 15:07:27,34666.98,Rege-Babu,Travel,1
8847973108,Omisha Gandhi,Andhra Pradesh,2005-01-18,473645,2024-12-27 03:55:58,3911.37,Bhardwaj-Agrawal,Utilities,0
8449900582,Michael Bala,Kerala,1983-02-07,914995,2024-08-22 06:49:04,4362.85,"Andra, Mallick and Bhatt",Electronics,0
7574443039,Jagrati Chaudhary,Chhattisgarh,2000-11-25,112055,2024-11-05 02:42:54,33788.52,Bala-Basu,Groceries,0
9921131408,Fariq Patil,Andaman and Nicobar Islands,1975-06-20,312265,2024-07-19 15:29:17,21713.95,Vora-Rana,Electronics,0
7394284545,Bhavini Bakshi,Delhi,1977-03-04,160711,2025-03-31 10:00:01,12797.96,"Keer, Sethi and Chacko",Groceries,1
6491573824,Ria Deol,Kerala,1971-07-16,889098,2025-03-18 08:05:49,13330.7,Dhaliwal Group,Groceries,1
8680259956,Adya Vig,Delhi,1988-04-02,590649,2024-04-30 21:00:55,47064.03,Menon Ltd,Groceries,0
6673387272,Vincent Puri,Goa,2004-04-13,525994,2024-11-15 19:19:51,26647.09,Gala-Murthy,Travel,1
8307918976,Madhav Kibe,Mizoram,1995-09-28,159238,2024-11-28 03:38:12,2407.09,Ramanathan and Sons,Travel,1
6422687482,Xiti Sura,Jharkhand,2006-07-25,645837,2024-06-06 05:29:29,41880.96,Ghosh-Khatri,Travel,0
6771371781,Abhiram Kurian,Jammu and Kashmir,1966-06-06,816358,2024-09-21 14:33:15,33251.3,Dass-Nagy,Travel,1
6096287499,Bhavna Garg,Uttarakhand,1992-02-13,569325,2024-08-17 19:03:07,47879.42,Nori-Bhatti,Groceries,0
9718036954,Laksh Prabhakar,Meghalaya,1965-02-01,688225,2024-11-21 13:20:32,36194.04,Chaudhuri-Ranganathan,Electronics,1
9265480381,Triya Bail,Sikkim,1989-12-26,930336,2024-11-19 06:41:35,26290.42,Nigam-Sastry,Utilities,1
8369975006,Yug Korpal,Himachal Pradesh,1973-02-04,890767,2025-02-18 06:53:23,26658.6,"Ramanathan, Murthy and Andra",Electronics,1
8842574213,Mason Sachar,Puducherry,1993-06-16,323122,2025-02-28 22:49:46,1358.17,Sule Group,Travel,1
8555806840,Bishakha Bali,Tamil Nadu,1999-08-27,940158,2024-09-13 22:03:36,19360.1,Dubey-Sha,Travel,0
9939839147,Wazir Tak,Himachal Pradesh,1979-06-17,732851,2024-09-26 14:41:18,17428.17,Gulati-Patel,Utilities,1
9756330264,Nitesh Kata,Himachal Pradesh,1984-07-07,383080,2024-05-31 10:57:36,15757.65,Pau LLC,Groceries,1
6243320292,Azaan Chandran,Andaman and Nicobar Islands,1968-01-14,875277,2024-12-23 03:11:27,8208.46,Sodhi-Wagle,Electronics,1
8374227834,Ikshita Johal,Ladakh,1995-07-29,091450,2025-01-05 01:25:36,43588.73,"Nazareth, Bava and Mane",Utilities,1
6842033307,Peter Sangha,Jammu and Kashmir,1983-04-17,842946,2024-10-20 03:10:29,33144.7,Shenoy-Baria,Utilities,1
7206694019,Niharika Mangat,Tamil Nadu,2005-09-02,456095,2024-07-13 15:34:54,28319.61,Kohli-Merchant,Travel,0
9994850571,Krisha Kadakia,Rajasthan,2000-09-01,907226,2025-04-06 03:47:07,33880.38,"Din, Ram and Atwal",Clothing,0
9885969256,Pratyush Dara,Dadra and Nagar Haveli and Daman and Diu,1968-05-24,437730,2025-02-21 20:04:01,15736.97,"Nagarajan, Goel and Sem",Electronics,1
6429094193,Qushi Patla,Jammu and Kashmir,1978-09-21,970111,2024-12-05 20:01:26,19572.18,Tripathi Group,Travel,0
7217212800,Hemangini Jaggi,Gujarat,1983-10-19,212117,2025-02-22 13:17:37,22386.66,Sinha LLC,Electronics,1
7578315048,Girindra Mammen,Andhra Pradesh,1986-09-11,339211,2025-04-02 21:00:59,32201.0,"Chatterjee, Ravel and Patel",Utilities,0
9827742303,Megha Kant,Maharashtra,1974-05-04,695417,2024-07-31 11:59:58,34933.01,Subramaniam-Sarna,Clothing,0
9648207256,Ishaan Gupta,Arunachal Pradesh,2001-04-16,808071,2024-12-01 17:21:05,46347.79,Natarajan-Gola,Groceries,1
9638167000,Vedhika Walia,Manipur,1990-04-18,031042,2024-07-15 11:39:08,8379.25,"Sama, Prashad and Sethi",Clothing,1
9879205191,Zaid Gupta,Jharkhand,1986-07-30,382359,2025-01-27 23:20:47,13593.63,Dara-Grover,Travel,0
8974509826,Harinakshi Sarkar,Tripura,1977-04-30,851435,2024-07-10 17:00:42,9679.13,Srinivasan LLC,Utilities,1
9739139744,Sara Vaidya,Nagaland,1995-03-28,823710,2025-01-07 18:58:46,41212.37,Dugal and Sons,Groceries,1
9395777730,Harinakshi Sarkar,Ladakh,1979-02-07,472023,2024-05-05 10:06:05,33686.54,Choudhury PLC,Utilities,1
8247530995,Yashoda Pandit,Delhi,2001-03-03,347078,2024-10-20 03:48:36,36146.12,"Sheth, Sodhi and Wable",Electronics,1
6842494326,Karan Shankar,Himachal Pradesh,1966-11-08,991596,2025-03-21 19:29:28,25841.51,Saha and Sons,Groceries,0
7680033271,Harsh Bakshi,Nagaland,2000-09-28,771886,2024-10-30 05:30:41,20797.03,Majumdar LLC,Clothing,0
6167818788,Ansh Garde,Lakshadweep,1984-07-05,705763,2024-08-18 05:46:02,34124.05,Amble Inc,Travel,1
7876762248,Lipika Datta,Delhi,1972-05-07,339891,2025-01-09 07:40:54,29273.49,Borah Group,Electronics,1
6663001147,Oscar Bhat,Punjab,1965-07-26,267094,2024-12-18 01:28:56,2529.9,Vasa LLC,Groceries,0
9207002912,Kevin Sengupta,Chandigarh,1972-09-20,425224,2024-06-24 05:30:37,22122.37,Parmar-Savant,Travel,1
8995717919,Elijah Bahl,Tamil Nadu,1991-02-07,331002,2024-11-23 13:03:44,42363.47,"Khalsa, Dhillon and Sandal",Groceries,1
6957747355,Zaitra Parmar,Gujarat,1966-04-29,768439,2025-01-30 04:15:14,9797.1,"Chauhan, Nanda and Kapur",Clothing,0
6659695361,Meghana Batta,Uttarakhand,1982-06-07,460673,2025-01-11 13:29:30,1769.79,Madan-Wagle,Electronics,0
9118440750,Devansh Uppal,Rajasthan,1988-02-07,865403,2024-08-09 00:03:49,25890.39,Ghose PLC,Electronics,1
6174158791,Faraj Roy,Telangana,1985-10-25,392639,2024-11-20 03:30:26,14643.16,Gour LLC,Groceries,0
9329018464,Brinda Gara,Chandigarh,1987-02-16,327359,2024-05-25 07:23:15,49890.96,Sur Ltd,Groceries,0
6462441427,Elijah Chakrabarti,Punjab,2005-11-24,224912,2024-11-16 09:00:26,38513.54,"Saran, Dhar and Padmanabhan",Utilities,0
7063720570,Indrajit Chand,Uttarakhand,1967-11-05,665043,2024-06-09 07:11:46,5514.36,Raghavan Inc,Utilities,1
9889693792,Chakradhar Sule,Dadra and Nagar Haveli and Daman and Diu,1974-10-04,081257,2024-06-25 00:38:32,35290.84,Mitter Inc,Groceries,0
6339932242,Widisha Kibe,Bihar,1969-05-22,064510,2024-08-19 11:46:20,43422.96,Iyengar-Ghosh,Travel,1
7864177427,Ayush Gill,Manipur,1965-11-01,201297,2024-09-30 06:08:23,34414.7,Iyer-Kalita,Travel,1
7621342549,Kala Goswami,Tripura,1978-02-25,352683,2024-10-05 16:00:56,25271.29,Walla-Gill,Groceries,1
9884999809,Faraj Sangha,Kerala,1989-08-04,603984,2025-03-14 18:35:19,10353.88,Rout LLC,Groceries,0
9266588934,Krishna Gara,Tripura,1964-09-14,129911,2024-12-10 02:16:42,47832.21,Patil LLC,Clothing,1
7179948820,Chaman Merchant,Sikkim,1978-09-20,413418,2025-01-01 02:38:03,42123.92,Sahni LLC,Clothing,0
6454079965,Yatan Narasimhan,Tripura,1971-06-19,598071,2024-08-16 11:49:46,4575.91,Dhaliwal-Tata,Electronics,1
9868042851,Anusha Varma,Andhra Pradesh,2000-02-04,928884,2025-04-19 14:32:35,19746.35,Comar Group,Clothing,1
9004113720,Gautami Kalita,Madhya Pradesh,1992-12-04,051623,2024-05-25 16:48:28,38737.1,"Chaudhary, Tata and Bhakta",Groceries,0
9755709886,Charita Narasimhan,Uttar Pradesh,1971-07-14,289140,2024-11-10 14:01:42,29886.04,"Khanna, Warrior and Sundaram",Utilities,1
6345125632,Ethan Naik,Dadra and Nagar Haveli and Daman and Diu,1970-06-06,691590,2025-01-08 07:07:15,38045.68,"Gandhi, Nagy and De",Utilities,0
7172050720,Hema Rajagopalan,Tripura,1970-01-27,245349,2024-08-11 05:30:16,42439.5,Bumb Inc,Electronics,0
7180252793,Rayaan Som,Mizoram,1977-01-10,498950,2025-04-03 12:42:29,31456.05,"Chandran, Solanki and Swaminathan",Electronics,1
9572049837,Wridesh Ray,Arunachal Pradesh,1995-07-23,793137,2024-06-07 18:48:30,17868.57,Hans Inc,Clothing,1
9022509997,Abhimanyu Ahuja,Jammu and Kashmir,1969-05-02,753859,2025-03-27 09:25:27,49983.6,Sunder-Modi,Travel,0
6388289298,Maanav Aurora,Assam,1989-02-22,661520,2024-12-05 10:20:24,2862.81,Konda Inc,Travel,0
8686098278,Tamanna Keer,Maharashtra,1992-02-02,970337,2024-08-04 17:45:21,23033.06,"Modi, Ravi and Dave",Utilities,0
8947900222,Wyatt Oak,Goa,1966-12-10,567770,2024-06-08 10:41:21,32182.7,Vasa-Ghosh,Clothing,0
7789553584,Rajeshri Dhillon,Mizoram,1970-10-12,297855,2025-03-12 07:36:47,31278.37,Parekh-Bobal,Clothing,0
8665812617,Benjamin Mane,Rajasthan,2002-12-22,089544,2024-12-15 10:38:41,23009.01,Dara Ltd,Groceries,1
7244319220,Watika Comar,Delhi,1975-10-02,663425,2024-07-19 19:10:31,9461.54,Hora-Lad,Utilities,1
9296945358,Gautam Varty,Dadra and Nagar Haveli and Daman and Diu,1985-12-20,972003,2025-03-23 19:03:19,36864.65,Nayar-Handa,Clothing,1
7279490823,Gavin Gopal,Maharashtra,1987-04-18,975969,2025-04-02 21:03:43,5059.03,Raju Group,Clothing,1
6208047296,Christopher Palla,Andaman and Nicobar Islands,1975-07-26,615667,2024-08-12 07:15:31,17506.37,Dhaliwal LLC,Clothing,0
8242872958,Sanya Ramachandran,Tripura,1985-10-23,043889,2024-11-06 15:52:55,20831.26,Kibe-Bakshi,Electronics,0
9219773924,Lekha Natt,Kerala,1984-05-08,668987,2024-09-17 20:11:16,19960.41,Majumdar and Sons,Travel,1
7643541471,Sachi Tandon,Andhra Pradesh,1965-03-29,825193,2025-03-06 15:39:25,45067.32,"Sunder, Prasad and Agrawal",Clothing,0
8717531949,Bachittar Barman,Gujarat,1996-10-23,232937,2024-05-09 20:16:26,8849.78,"Shroff, Chander and Lal",Groceries,0
7969827578,Jagdish Anand,Meghalaya,1972-11-02,493696,2025-03-31 17:50:31,4003.16,Kale-Hegde,Clothing,1
8043903333,Champak Dyal,Manipur,1992-08-30,930955,2024-11-21 11:30:32,48675.88,Bhardwaj Ltd,Electronics,0
9044823527,Daksha Hora,Rajasthan,1998-03-29,310790,2025-03-24 18:01:32,35409.62,Rajagopalan-Seth,Groceries,0
9035962602,William Nadkarni,Nagaland,1965-10-11,497458,2024-10-02 10:28:03,39351.01,Bose-Chaudry,Clothing,0
9865477309,Yochana Nath,Chhattisgarh,1992-05-03,128190,2025-04-01 04:41:32,29423.53,Taneja and Sons,Clothing,0
9172917002,Idika Loke,Meghalaya,1984-01-06,268015,2024-12-22 04:11:49,14078.29,Banik-Bala,Groceries,1
7517755735,Owen Radhakrishnan,Puducherry,1978-08-24,142167,2024-05-31 08:55:01,38142.6,Cherian and Sons,Travel,0
7042331810,Dalbir Bajwa,Maharashtra,1980-05-07,576496,2024-12-29 11:43:48,21720.81,Behl and Sons,Utilities,1
9246075599,Owen Chandran,Manipur,2004-09-27,260273,2024-10-22 14:49:17,37392.13,Sehgal-Anne,Utilities,0
9240234718,Damyanti Mohan,West Bengal,1973-07-19,087582,2025-02-18 16:55:21,31479.93,Soni-Sant,Electronics,1
6617178044,Zilmil Barad,Andhra Pradesh,1970-12-08,969862,2024-10-11 15:06:54,18535.38,Banik PLC,Utilities,0
8752835696,Amol Bhalla,Nagaland,1974-01-06,691356,2025-02-25 19:09:29,10595.61,Mukherjee-Sane,Electronics,0
8952825437,Zayyan Ganesan,Uttarakhand,1964-05-05,169550,2025-02-03 16:07:58,37433.6,"Master, Dave and Raghavan",Groceries,1
8114731834,Wriddhish Kothari,Haryana,1974-01-10,361479,2024-06-13 12:40:15,27387.84,Bajaj-Master,Utilities,1
9290551237,Tarak Sheth,Dadra and Nagar Haveli and Daman and Diu,1977-06-22,788403,2024-09-03 15:32:28,42681.6,Kumer Ltd,Clothing,0
6883326959,Aadhya Kant,Arunachal Pradesh,1988-10-30,120836,2025-02-14 04:58:09,11079.31,"Pingle, Sawhney and Cheema",Groceries,0
9272143651,Jhalak Comar,Gujarat,1996-02-06,876031,2024-10-04 15:54:03,8354.32,"Gopal, Singhal and Thakur",Groceries,1
6825540907,Amrita Gupta,Tamil Nadu,1967-09-14,228447,2024-06-28 08:07:54,35054.85,Murthy LLC,Clothing,1
9191367598,Bishakha Patel,Goa,1998-06-23,884376,2024-10-27 17:00:15,5171.38,Hora-Som,Clothing,1
8889838553,Matthew Verma,Arunachal Pradesh,2001-08-20,429036,2024-05-27 19:27:30,3195.52,Johal-Pillay,Electronics,1
6550668765,Rajata Pau,Nagaland,1969-05-24,895471,2024-10-25 09:57:13,48042.98,Jha-Chacko,Utilities,1
7020007598,Chatresh Kunda,Delhi,1988-08-10,832078,2025-02-09 23:34:18,481.5,Chauhan LLC,Travel,1
7460585738,Qabil Dave,Chandigarh,1995-04-19,991088,2024-08-14 02:00:35,45115.2,Wali and Sons,Utilities,0
9560022135,Lipika Krishnan,Meghalaya,1998-08-30,972353,2024-07-17 00:09:09,39240.6,"Bora, Misra and Viswanathan",Clothing,0
8763578146,Adya Tata,Lakshadweep,1995-12-13,309782,2024-06-25 02:01:48,28388.43,"Ravel, Sampath and Suresh",Travel,1
9268502861,Kabir Singh,Arunachal Pradesh,1983-09-28,465255,2025-02-24 01:44:46,23290.24,Garg-Gulati,Clothing,0
9518854970,Damyanti Choudhary,Punjab,2002-10-23,909413,2025-01-28 14:29:57,30169.33,Choudhury and Sons,Groceries,1
9218312193,Yatan Memon,Odisha,1978-11-23,673137,2024-12-10 17:53:35,445.11,"Venkataraman, Warrior and Bhattacharyya",Utilities,0
9305862705,Girindra Purohit,Tamil Nadu,1970-01-01,700503,2024-12-02 02:20:21,42963.32,Aurora and Sons,Clothing,0
6577668153,Anirudh Sarin,Dadra and Nagar Haveli and Daman and Diu,1981-03-14,589090,2024-07-23 22:34:00,23119.46,Kamdar-Keer,Electronics,1
9711504262,Patrick Tank,Arunachal Pradesh,1999-04-15,825107,2024-09-13 19:22:14,4247.82,Radhakrishnan-Saxena,Electronics,0
6145709985,Rohan Jain,Andaman and Nicobar Islands,1976-01-06,183167,2024-07-16 07:24:59,30315.77,"Borde, Deshpande and Raju",Travel,1
7280453416,Aradhana Dugal,Chhattisgarh,1997-02-17,205856,2024-08-18 23:09:03,13426.72,Sampath-Sachdeva,Electronics,0
6989766173,Mohammed Dugar,Madhya Pradesh,1982-08-15,463938,2024-12-12 02:59:47,36913.73,Raj Ltd,Groceries,1
7531729430,Abeer Divan,Arunachal Pradesh,1964-07-21,909309,2024-12-25 21:03:14,24797.77,Tailor-Divan,Travel,1
6220819866,Chaaya Das,Maharashtra,2004-11-04,508393,2024-05-15 16:56:29,9935.5,Mitra-Gade,Clothing,1
8054031778,Zansi Chandra,Telangana,1996-10-04,316126,2024-12-26 04:33:07,43278.84,Tata-Jha,Groceries,0
7157547675,Ekansh Khosla,Chhattisgarh,2002-07-22,909710,2024-10-23 19:15:56,25994.2,Agarwal-Oak,Clothing,1
6712160113,Sara Rajan,Arunachal Pradesh,1968-01-03,444759,2025-03-04 05:46:35,41939.05,"Modi, Lala and Raj",Clothing,0
9744341509,Harinakshi Mody,Lakshadweep,2006-05-15,070363,2024-08-09 22:34:45,31686.27,Sethi and Sons,Groceries,1
6105530175,Meera Suresh,Kerala,1973-04-12,195030,2024-09-05 09:07:10,39779.51,"Panchal, Narang and Konda",Travel,1
7355638167,Jagrati Morar,Arunachal Pradesh,1993-12-12,558189,2024-06-27 08:40:22,26124.69,Sani and Sons,Utilities,0
9071805498,Darpan Chokshi,Haryana,1991-12-11,775762,2024-08-22 14:35:02,5079.31,Keer LLC,Utilities,1
6903497069,Daksh Kanda,Puducherry,1983-12-06,531891,2025-04-21 17:27:35,32961.16,Kohli Ltd,Electronics,1
8405240607,Balhaar Chopra,Arunachal Pradesh,1973-07-31,634365,2024-10-03 05:26:51,27692.05,Rama Inc,Groceries,1
8669377532,Megha Sangha,Delhi,1996-02-25,990916,2024-10-23 13:10:26,18469.27,Kuruvilla-Sampath,Utilities,1
7203074525,Utkarsh Swaminathan,Mizoram,1992-07-12,900893,2025-02-07 00:08:43,45842.18,"Chatterjee, Suri and Gour",Travel,1
6305301434,Ekanta Pau,Telangana,2002-03-28,864945,2024-10-29 02:38:52,26039.41,Majumdar-Parekh,Travel,0
6807904667,Anthony Bhakta,Maharashtra,2003-10-20,635313,2025-03-30 01:23:18,1576.23,Mody-Deo,Clothing,0
9966810405,Gopal Kumar,Jammu and Kashmir,1974-09-29,728651,2024-09-17 08:57:49,48673.57,"Bawa, Jhaveri and Patla",Utilities,1
8124675474,Aarna Radhakrishnan,Jammu and Kashmir,1968-03-09,617288,2024-08-24 00:21:47,16302.29,Chokshi-Dhingra,Utilities,1
7534728972,Timothy Kapoor,Uttar Pradesh,1991-12-14,666770,2024-09-08 23:19:15,9855.97,"Palan, Pillai and Chopra",Clothing,1
7751010784,Ishwar Ranganathan,Meghalaya,1970-08-10,908344,2024-07-10 01:36:50,34775.08,Das Ltd,Groceries,1
8401775601,Krisha Madan,Assam,1981-07-07,078319,2024-10-15 19:06:11,3964.77,"Mistry, Krish and Gupta",Groceries,0
8483402770,Ishwar Manne,Goa,1977-12-22,799878,2024-06-13 15:13:58,43485.86,"Khurana, Manne and Lad",Clothing,1
8820724345,Udarsh Nayak,Lakshadweep,1988-05-31,157968,2024-11-19 07:51:57,24202.27,Verma-Prasad,Clothing,0
7057852739,Bishakha Divan,Chandigarh,1982-08-13,438603,2024-12-29 09:29:21,45291.04,Baral and Sons,Travel,1
9748786235,Eshana Palla,Assam,1986-08-25,699193,2024-11-05 13:51:25,36381.5,Swaminathan-Kanda,Utilities,1
9115470050,Vedant Randhawa,Madhya Pradesh,1968-04-04,560228,2025-01-21 04:49:57,18190.59,Bajwa Group,Travel,0
6719210715,Sai Dhillon,Mizoram,1968-10-21,661017,2024-05-27 02:53:35,38971.72,Bansal LLC,Clothing,0
6263227946,Wahab Ramakrishnan,Tripura,1994-05-05,260529,2025-01-11 14:33:31,12034.1,Bajwa-Kadakia,Utilities,1
8737234064,Ishwar Chakraborty,Karnataka,1985-06-01,146702,2025-02-15 08:22:31,4851.25,Ganguly-Bahri,Travel,1
8875406161,Baghyawati Dhar,Jharkhand,2005-10-15,648464,2024-10-15 07:17:11,4291.11,Badal and Sons,Groceries,1
9490769431,Kashvi Sami,Manipur,2006-06-05,714349,2024-04-26 14:37:46,19669.46,Jani-Golla,Clothing,1
8702110503,Kalpit Randhawa,Jammu and Kashmir,1987-03-18,156549,2024-11-07 17:48:39,41129.47,Bajwa-Mallick,Travel,1
9221336929,Omaja Kar,Goa,1978-03-26,576573,2024-07-28 22:21:36,32963.67,"Chakraborty, Desai and Ganesh",Utilities,0
7185630519,Lekha Yohannan,Rajasthan,1979-03-27,330346,2024-11-13 17:52:58,16402.11,Iyengar-Mander,Clothing,1
9341417895,Garima Seshadri,Odisha,1993-08-08,776849,2025-01-23 09:49:33,16838.95,"Khare, Kurian and Sani",Travel,1
7973940059,Vedant Rai,Kerala,1979-08-01,156808,2024-09-21 11:17:52,10313.33,Sarma Ltd,Travel,1
7267346552,Charita Sahni,Jharkhand,1976-08-17,489606,2025-04-09 22:25:59,13411.79,Thakur-Thaman,Travel,1
9934897965,Libni Kala,West Bengal,2002-07-10,250271,2024-11-09 16:33:59,27864.72,"Bhat, Tripathi and Mahal",Groceries,0
8157056184,Advaith Kapadia,Karnataka,1986-01-27,891117,2024-10-12 22:39:32,35298.95,Mohanty Group,Groceries,0
6799742398,Viraj Subramanian,Rajasthan,2003-11-25,631519,2024-06-08 08:18:31,11893.78,Banerjee Ltd,Clothing,1
8158695521,Ikbal Morar,Rajasthan,2001-07-02,426389,2024-10-13 11:25:29,16337.34,"Bhasin, Khare and Ganesh",Groceries,1
8738662412,Yasti Baral,Manipur,1971-02-04,112850,2025-04-10 07:53:33,5643.08,Wason Group,Utilities,1
